_id,conversation_number,source_object_id,classification.categorization,classification.intent,classification.topic,classification.sentiment,messages,tweets[0].tweet_id,tweets[1].tweet_id,tweets[2].tweet_id,tweets[3].tweet_id,tweets[4].tweet_id,tweets[5].tweet_id,tweets[6].tweet_id,tweets[7].tweet_id,tweets[0].author_id,tweets[1].author_id,tweets[2].author_id,tweets[3].author_id,tweets[4].author_id,tweets[5].author_id,tweets[6].author_id,tweets[7].author_id,tweets[0].role,tweets[1].role,tweets[2].role,tweets[3].role,tweets[4].role,tweets[5].role,tweets[6].role,tweets[7].role,tweets[0].inbound,tweets[1].inbound,tweets[2].inbound,tweets[3].inbound,tweets[4].inbound,tweets[5].inbound,tweets[6].inbound,tweets[7].inbound,tweets[0].created_at,tweets[1].created_at,tweets[2].created_at,tweets[3].created_at,tweets[4].created_at,tweets[5].created_at,tweets[6].created_at,tweets[7].created_at,tweets[0].created_time,tweets[1].created_time,tweets[2].created_time,tweets[3].created_time,tweets[4].created_time,tweets[5].created_time,tweets[6].created_time,tweets[7].created_time,tweets[0].text,tweets[1].text,tweets[2].text,tweets[3].text,tweets[4].text,tweets[5].text,tweets[6].text,tweets[7].text,processed_at,processing_metadata.batch_job_id,processing_metadata.processing_attempts,customer
68d834a53bb6086e8c48926c,4017,68d7e235c8d40404f35387ef,Complaint regarding Travel/Transportation,Complaint,Travel/Transportation,Negative,,507510,507509,,,,,,,236500,Delta,,,,,,,Customer,Service Provider,,,,,,,true,false,,,,,,,2024-12-01,2024-12-01,,,,,,,21:25:36,21:45:15,,,,,,,"So frustrating...30 hours later, and I still don’t have my luggage. #fail Super disappointed with @Delta and partner @23083. No Change of clothes. Sigh","@236500 @23083 Nadia, if you haven't please complete the delayed baggage form on https://t.co/yQj0bzerMw. *ACJ",,,,,,,2025-09-27T19:01:57.756Z,job_20250927_190137,2,Delta
68d834cc3bb6086e8c48926d,4551,68d7e235c8d40404f35387f0,Complaint regarding Technical Support,Complaint,Technical Support,Negative,,582319,582317,582318,582320,582321,,,,257270,Delta,257270,257270,Delta,,,,Customer,Service Provider,Customer,Customer,Service Provider,,,,true,false,true,true,false,,,,2024-12-03,2024-12-03,2024-12-03,2024-12-03,2024-12-03,,,,13:12:00,13:13:50,13:16:05,13:25:33,13:34:42,,,,"@Delta Hope that you will talk to supervisors about passenger service during boarding on fl 3385 this morning. Two minutes before boarding, agents refused to tell passengers their seats. Caused a woman with kids huge stress. It was just #lazy #NoGoodExcuse","@257270 Hey there Brian, I am sorry that this has happened on your flight this morning. I will forward this on to our leadership so that this can be addressed. *TBW","@Delta Thanks. For the agents, this may seem routine. For a mother with kids.. standing around without knowing when to board is stressful and scary. Very easily avoidable. I was also unassigned.. and the agent insisted that my seat was displaying in the screen (it wasn’t).",@Delta Btw: I love @Delta Thanks for serving Pittsburgh!,@257270 Our pleasure. #UchooseUs ✈ 💕 ✈ #WeChooseU *TMA,,,,2025-09-27T19:02:36.064Z,job_20250927_190137,2,Delta
68d834e53bb6086e8c48926e,3942,68d7e235c8d40404f35387f1,Technical Support regarding Travel/Flights,Technical Support,Travel/Flights,Negative,,497814,497813,497810,497809,,,,,30473,Delta,30473,Delta,,,,,Customer,Service Provider,Customer,Service Provider,,,,,true,false,true,false,,,,,2024-12-01,2024-12-01,2024-12-01,2024-12-01,,,,,18:35:17,18:44:25,18:47:35,18:56:56,,,,,Hey @delta! Any chance you’re going to hold connecting flights to make up for the super delay of flight DAL2628?!?,"@30473 I'm sorry for the delay. Unfortunately, we are unable to hold flights. Please let me know if I can assist you with a connection. *ALS",@Delta We need to connect to DL1277 which boards at 350 for MSY. We are still on the runway at LGA.,@30473 You're welcome. *ALS,,,,,2025-09-27T19:03:01.402Z,job_20250927_190137,2,Delta
68d835163bb6086e8c48926f,4623,68d7e235c8d40404f35387f2,Product Inquiry regarding Travel,Product Inquiry,Travel,Neutral,,592857,592856,592855,592854,592853,592852,,,260330,Delta,260330,Delta,260330,Delta,,,Customer,Service Provider,Customer,Service Provider,Customer,Service Provider,,,true,false,true,false,true,false,,,2024-11-25,2024-11-25,2024-11-26,2024-11-26,2024-12-03,2024-12-03,,,16:30:37,17:28:52,15:53:14,16:24:24,17:33:49,17:35:22,,,@Delta qué pasó con mi vuelo? Reservé desde Agosto mis asientos y ahora resulta que me los cambiaron. Pésima atención! 😡 en sus líneas telefónicas no contestan.,@260330 Hi. We don't have a Spanish speaker available at this time. May I converse in English? *AMR,@Delta Don’t worry. My wife already fix the problem with somebody from your team yesterday. I thought that maybe you had someone who could converse in spanish. That why I started in spanish,@260330 Great! I'm glad you were assisted accordingly. *AJY,"@Delta Hello! I need again some help. I will be traveling again to NYC but my flight was bought with Aeroméxico and is operated by Delta. I have my Aeroméxico confirmation code, but I don’t know the delta code. What can I do? Delta site doesn’t recognize Aeroméxico code.","@260330 Hello. Do you have the ticket number? It may be 15 digits long, and I'll try to look from there. Please DM that. Thanks.  *TMS https://t.co/6iDGBJAc2m",,,2025-09-27T19:03:50.151Z,job_20250927_190137,2,Delta
68d8352d3bb6086e8c489270,4126,68d7e235c8d40404f35387f3,Complaint regarding Technical Support,Complaint,Technical Support,Negative,,516821,516820,,,,,,,239135,Delta,,,,,,,Customer,Service Provider,,,,,,,true,false,,,,,,,2024-12-02,2024-12-02,,,,,,,01:04:16,01:06:32,,,,,,,@AmericanAir you must not want me as a member of your sky miles.  I had a death in the family and you ppl cancelled the only flight to ct!!  I swear to god you better make this right or i am switching to @Delta,"@239135 We're here and ready for you, Josh. You have our deepest condolences for the loss of your family member.  *ABN",,,,,,,2025-09-27T19:04:13.234Z,job_20250927_190137,2,Delta
68d8353f3bb6086e8c489271,3650,68d7e235c8d40404f35387f4,Technical Support regarding Product Info,Technical Support,Product Info,Neutral,,458096,458095,,,,,,,223760,Delta,,,,,,,Customer,Service Provider,,,,,,,true,false,,,,,,,2024-12-01,2024-12-01,,,,,,,00:55:29,00:57:26,,,,,,,Is @Delta no longer running non-stop flights from ATL to SXM?,@223760 Thank you for asking. Let me check on that for you. Please follow via DM for assistance. *TDL https://t.co/6iDGBJAc2m,,,,,,,2025-09-27T19:04:31.751Z,job_20250927_190137,2,Delta
68d835573bb6086e8c489272,4196,68d7e235c8d40404f35387f5,Technical Support regarding Travel,Technical Support,Travel,Negative,,526288,526287,,,,,,,241776,Delta,,,,,,,Customer,Service Provider,,,,,,,true,false,,,,,,,2024-12-02,2024-12-02,,,,,,,06:29:56,06:33:43,,,,,,,When you’ve got status with @delta and book with your KTN then you go to check in and somehow it disappears. 😡 and the desk agents don’t know how to add it on. 😡 this needs to be fixed for the return. Ugh. \n\n#HellNo,"@241776 We're sorry for the inconvenience, Julienne. Please provide your confirmation # and KTN via the link. *ABN https://t.co/6iDGBJRMTU",,,,,,,2025-09-27T19:04:55.699Z,job_20250927_190137,2,Delta
68d8356f3bb6086e8c489273,4377,68d7e235c8d40404f35387f6,Technical Support regarding Travel/Flight,Technical Support,Travel/Flight,Neutral,,557284,557282,557283,,,,,,250131,Delta,250131,,,,,,Customer,Service Provider,Customer,,,,,,true,false,true,,,,,,2024-12-02,2024-12-02,2024-12-02,,,,,,21:02:54,21:26:46,21:27:10,,,,,,@Delta my good friend @220734 left his laptop on a flight can you assist him,"@250131 I am sorry to hear that. To process his claim for delayed, damaged or lost baggage or missing items, complete this form. Here is the link:  https://t.co/XwO5qwnsan *AFM",@Delta Can you tell him that @220734 it’s not me,,,,,,2025-09-27T19:05:19.370Z,job_20250927_190137,2,Delta
68d835803bb6086e8c489274,4495,68d7e235c8d40404f35387f7,Technical Support regarding Technical,Technical Support,Technical,Neutral,,570556,570555,,,,,,,253963,Delta,,,,,,,Customer,Service Provider,,,,,,,true,false,,,,,,,2024-12-03,2024-12-03,,,,,,,03:31:42,03:32:19,,,,,,,@Delta I keep trying to change a flight on your website and getting error message. Than there is an hour long wait time to speak to someone on the phone!,@253963 I’d be delighted to assist. Please follow and DM your confirmation number.  *AFC https://t.co/6iDGBJAc2m,,,,,,,2025-09-27T19:05:36.557Z,job_20250927_190137,2,Delta
68d8358f3bb6086e8c489275,3762,68d7e235c8d40404f35387f8,Feedback regarding General,Feedback,General,Positive,,471672,471671,,,,,,,227319,Delta,,,,,,,Customer,Service Provider,,,,,,,true,false,,,,,,,2024-12-01,2024-12-01,,,,,,,08:42:05,08:49:45,,,,,,,@Delta check in @21706 was amazingly smooth this morning. Hope the flight goes the same way 👍🏽,"@227319 Thank you for traveling with us, Kev. Enjoy your trip! *ABN",,,,,,,2025-09-27T19:05:51.954Z,job_20250927_190137,2,Delta
68d83b30b83a2762d690c64b,4229,68d7e235c8d40404f35387f9,Complaint regarding Technical Support,Complaint,Technical Support,Negative,,534664,534663,534661,534662,,,,,243850,243850,Delta,243850,,,,,Customer,Customer,Service Provider,Customer,,,,,true,true,false,true,,,,,2024-12-02,2024-12-02,2024-12-02,2024-12-02,,,,,11:57:29,11:59:11,12:07:21,12:10:10,,,,,@Delta unacceptable the stunt the pulled. Comeplete trash. I won't ever be. Back,@Delta @Delta thanks for cutting my time short with my mother who I won't get to see for years after I got to boot camp. This how you treat Vets? I'll make that notes,@243850 I am very sorry that you feel this way. We are here to help if you need us. Please let us know what we can do. *TBW,@Delta I had 4 different employs send me to 4 different lines. Not causing to get my ticket. Now I missed my figh and wait 9 hours here. How can group of people be so dumb. I'm,,,,,2025-09-27T19:29:52.201Z,job_20250927_192832,2,Delta
68d83b47b83a2762d690c64c,3751,68d7e235c8d40404f35387fa,Complaint regarding Technical Support,Complaint,Technical Support,Negative,,470334,470333,,,,,,,226977,Delta,,,,,,,Customer,Service Provider,,,,,,,true,false,,,,,,,2024-12-01,2024-12-01,,,,,,,00:45:54,07:31:42,,,,,,,"@Delta, normally I love flying with you, but I’m extremely upset at how your team acted tonight. A team-member unapologetically snatched my bag out of my hands after I was told to wait to see if there was space overhead. There was. I said no and I feel violated. I’m not alone.",@226977 ...appropriate desk for review.  *HSD 2/2,,,,,,,2025-09-27T19:30:15.251Z,job_20250927_192832,2,Delta
68d83b59b83a2762d690c64d,4485,68d7e235c8d40404f35387fb,Technical Support regarding General,Technical Support,General,Negative,,569704,569701,569702,,,,,,253716,Delta,116808,,,,,,Customer,Service Provider,Customer,,,,,,true,false,true,,,,,,2024-12-03,2024-12-03,2024-12-03,,,,,,03:06:32,03:12:15,03:14:57,,,,,,@Delta seriously? a two hour hold time?? what happened to your call back service? #igotalifetolive,@253716 I do apologize for the long hold times we're experiencing tonight. How may we help you via this channel? *TAC,@Delta @253716 Hey you got any weed man,,,,,,2025-09-27T19:30:33.697Z,job_20250927_192832,2,Delta
68d83b6bb83a2762d690c64e,4431,68d7e235c8d40404f35387fc,Product Inquiry regarding Travel,Product Inquiry,Travel,Neutral,,563569,563568,,,,,,,251967,Delta,,,,,,,Customer,Service Provider,,,,,,,true,false,,,,,,,2024-12-02,2024-12-02,,,,,,,23:26:07,23:30:07,,,,,,,@Delta would I be able to book a flight for a passenger using my points? I know Southwest let's me but wasn't sure about Delta.,@251967 You sure can book travel for a separate passenger using your miles. 😃 *TJN,,,,,,,2025-09-27T19:30:51.036Z,job_20250927_192832,2,Delta
68d83b81b83a2762d690c64f,3827,68d7e235c8d40404f35387fd,Feedback regarding Customer Service,Feedback,Customer Service,Positive,,482544,482543,482542,,,,,,229766,229766,Delta,,,,,,Customer,Customer,Service Provider,,,,,,true,true,false,,,,,,2024-12-01,2024-12-01,2024-12-01,,,,,,11:42:51,14:10:48,14:26:29,,,,,,Interesting conversation piece. When does an individuals need interfere with mass public safety? When isles are blocked @Delta https://t.co/qw1Ekv5AoA,@Delta Flight attendants have handled this masterfully @Delta Well done.,"@229766 Hello Michelle! On behalf of the flight attendants, thank you for the kudos. We look forward to serving you on your next Delta flight.  *HKS",,,,,,2025-09-27T19:31:13.155Z,job_20250927_192832,2,Delta
68d83b94b83a2762d690c650,3711,68d7e235c8d40404f35387fe,Complaint regarding Technical Support,Complaint,Technical Support,Negative,,464491,464490,,,,,,,225449,Delta,,,,,,,Customer,Service Provider,,,,,,,true,false,,,,,,,2024-12-01,2024-12-01,,,,,,,03:18:05,03:44:19,,,,,,,"On my @Delta flight from hong Kong to seattle, and some asshole stood up to announce, ""If anyone here doesn't like Donald Trump, they can get off the plane"". Oh boy. Should be an interesting flight. #TheResistance",@225449 2/2 https://t.co/6iDGBJAc2m,,,,,,,2025-09-27T19:31:32.999Z,job_20250927_192832,2,Delta
68d83bafb83a2762d690c651,3874,68d7e235c8d40404f35387ff,Technical Support regarding General,Technical Support,General,Negative,,490827,490826,,,,,,,231924,Delta,,,,,,,Customer,Service Provider,,,,,,,true,false,,,,,,,2024-12-01,2024-12-01,,,,,,,16:48:14,16:52:38,,,,,,,@Delta Feeling like I've wasted my time trying to book flights on https://t.co/sDe8152w9d...page continues to crash while searching for flights. Not a great system for booking if a customer cannot even get to the flight choices,"@231924 Hi John, I don't have any errors reported on our website.  Glitches can happen though; I'm sorry it's not responding correctly. I will be happy to call you and complete a reservation; if I can be of assistance, just send me your phone number.  *TJP https://t.co/6iDGBJRMTU",,,,,,,2025-09-27T19:31:59.796Z,job_20250927_192832,2,Delta
68d83bc3b83a2762d690c652,3797,68d7e235c8d40404f3538800,Complaint regarding Travel/Transportation,Complaint,Travel/Transportation,Negative,,479010,479007,479008,,,,,,228828,Delta,228828,,,,,,Customer,Service Provider,Customer,,,,,,true,false,true,,,,,,2024-12-01,2024-12-01,2024-12-01,,,,,,12:44:50,12:51:24,12:55:42,,,,,,Thank you @Delta for not letting people at @122828 about the gate/terminal switch to LaGuardia. 😡 My aunt Charline and Uncle Louis missed their flight!!!! Bad business!,@228828 Please express our sincere apology to your aunt and uncle for the inconvenience.  *ALS,@Delta That doesn’t fix the issue at hand.,,,,,,2025-09-27T19:32:19.770Z,job_20250927_192832,2,Delta
68d83bd9b83a2762d690c653,4170,68d7e235c8d40404f3538801,Technical Support regarding General,Technical Support,General,Neutral,,521845,521844,521843,521841,521842,,,,240496,Delta,240496,Delta,240496,,,,Customer,Service Provider,Customer,Service Provider,Customer,,,,true,false,true,false,true,,,,2024-12-02,2024-12-02,2024-12-02,2024-12-02,2024-12-02,,,,03:37:34,03:40:15,03:42:06,03:45:26,03:46:22,,,,@Delta I got a notification saying I was followed by you. What is Delta?,"@240496 I am sorry to hear that, Nicki. We can deselect the following.  *AFM",@Delta It’s totally fine. I’m just wondering what it is.,@240496 Let us know if you need any assistance. *AMV,@Delta That’s not helpful....,,,,2025-09-27T19:32:41.030Z,job_20250927_192832,2,Delta
68d83bebb83a2762d690c654,3801,68d7e235c8d40404f3538802,Product Inquiry regarding Product Info,Product Inquiry,Product Info,Positive,,479022,479021,,,,,,,228832,Delta,,,,,,,Customer,Service Provider,,,,,,,true,false,,,,,,,2024-12-01,2024-12-01,,,,,,,12:17:05,12:28:50,,,,,,,"I need my in-flight coffee @Delta, but I can't do black. Please add nondairy #vegan creamers. ☕️","@228832 Hi Fernando, your feedback is very important to us, as we want all of our passengers to have the best possible experience. Thank you. *TJM",,,,,,,2025-09-27T19:32:59.221Z,job_20250927_192832,2,Delta
68d83bfeb83a2762d690c655,4613,68d7e235c8d40404f3538803,Technical Support regarding Travel,Technical Support,Travel,Negative,,591665,591664,,,,,,,260004,Delta,,,,,,,Customer,Service Provider,,,,,,,true,false,,,,,,,2024-12-03,2024-12-03,,,,,,,17:07:05,17:08:31,,,,,,,"@Delta Never fly delta! I can't change my flight due to an emergency, even though I bought insurance...","@260004 Sorry to hear about your disappointment, Kristina. I'll be happy to check on this for you. Can you please share the confirmation number through the following link:  *AOS https://t.co/6iDGBJAc2m",,,,,,,2025-09-27T19:33:18.491Z,job_20250927_192832,2,Delta
68d83c12b83a2762d690c656,4208,68d7e235c8d40404f3538804,Complaint regarding Technical Support,Complaint,Technical Support,Negative,,530149,,,,,,,,242771,,,,,,,,Customer,,,,,,,,true,,,,,,,,2024-12-02,,,,,,,,09:37:53,,,,,,,,1st time flying @AmericanAir instead of @delta will also be the last.\n\nSo many issues and I haven’t even boarder yet.\n\nI’ll never leave you again @delta - unless it’s a private charter with @24074 😜 ✈️ https://t.co/ov4M7btlLS,,,,,,,,2025-09-27T19:33:38.671Z,job_20250927_192832,2,Delta
68d83c22b83a2762d690c657,4401,68d7e235c8d40404f3538805,Product Inquiry regarding Travel,Product Inquiry,Travel,Positive,,560066,560065,,,,,,,250982,Delta,,,,,,,Customer,Service Provider,,,,,,,true,false,,,,,,,2024-12-02,2024-12-02,,,,,,,21:48:31,22:07:43,,,,,,,So excited to make my first flight ever with @Delta tomorrow! On my way to @250983 for a week!,@250982 We are just as excited as you are to have you onboard with us Tanita! 😃✈ *TJN,,,,,,,2025-09-27T19:33:54.433Z,job_20250927_192832,2,Delta
68d83c36b83a2762d690c658,3974,68d7e235c8d40404f3538806,Technical Support regarding Travel/Transportation,Technical Support,Travel/Transportation,Neutral,,502753,502752,,,,,,,235129,Delta,,,,,,,Customer,Service Provider,,,,,,,true,false,,,,,,,2024-12-01,2024-12-01,,,,,,,20:03:33,20:06:59,,,,,,,It's too hot on this plane. How do I roll the windows down? @Delta,"@235129 We most certainly do not advise you roll down any windows, Tristan. That would be a bad idea. The air conditioning should kick in after takeoff and climb. Hopefully, we can make you comfortable in short order. *ASK",,,,,,,2025-09-27T19:34:14.721Z,job_20250927_192832,2,Delta
68d83c4bb83a2762d690c659,3787,68d7e235c8d40404f3538807,Feedback regarding General,Feedback,General,Positive,,478216,478215,,,,,,,228620,Delta,,,,,,,Customer,Service Provider,,,,,,,true,false,,,,,,,2024-12-01,2024-12-01,,,,,,,11:53:28,12:19:41,,,,,,,"Appreciate the compassion, professionalism and customer service focus of the @Delta flight crew who had to deal with a medical emergency on my red eye flight from San Diego to Atlanta.  Nicely done. #DutyRespectIntegrity #lifeofastateforester",@228620 Thank you for the compliment. Our crews are the most highly trained and professional in the industry.  *TCC,,,,,,,2025-09-27T19:34:35.182Z,job_20250927_192832,2,Delta
68d83c58b83a2762d690c65a,4064,68d7e235c8d40404f3538808,Feedback regarding General,Feedback,General,Positive,,511875,511874,,,,,,,237696,Delta,,,,,,,Customer,Service Provider,,,,,,,true,false,,,,,,,2024-12-01,2024-12-01,,,,,,,22:42:24,23:07:06,,,,,,,Thank you @Delta and NYC team for the Porsche ride. Great start for vacation!,"@237696 You bet, Jason! Glad we could help! *HCA",,,,,,,2025-09-27T19:34:48.312Z,job_20250927_192832,2,Delta
68d83c71b83a2762d690c65b,3988,68d7e235c8d40404f3538809,Technical Support regarding General,Technical Support,General,Negative,,504391,504390,,,,,,,235609,Delta,,,,,,,Customer,Service Provider,,,,,,,true,false,,,,,,,2024-12-01,2024-12-01,,,,,,,20:02:02,20:44:42,,,,,,,"@Delta Glad you have that call back feature - when you said my wait would be more than 2 hours last Sunday, you were right! I’m up to 121 hours and 19 min. My arm would be exhausted if I was still on hold. 😳","@235609 Hey Mike, sorry to hear about the ""Call Back"" discrepancy. We have recently had a flux of calls. Please let us know if assistance is currently needed via DM. *AJY https://t.co/6iDGBJAc2m",,,,,,,2025-09-27T19:35:13.110Z,job_20250927_192832,2,Delta
68d83c81b83a2762d690c65c,4386,68d7e235c8d40404f353880a,Order Status regarding Travel,Order Status,Travel,Neutral,,558659,558658,,,,,,,250538,Delta,,,,,,,Customer,Service Provider,,,,,,,true,false,,,,,,,2024-12-02,2024-12-02,,,,,,,21:14:43,21:38:06,,,,,,,"@Delta My flight has been canceled, can you explain my why",@250538 Hi there. Please share your confirmation code or ticket number via this link to better assist. *TKR https://t.co/6iDGBJAc2m,,,,,,,2025-09-27T19:35:29.723Z,job_20250927_192832,2,Delta
68d83c99b83a2762d690c65d,4363,68d7e235c8d40404f353880b,Product Inquiry regarding Travel,Product Inquiry,Travel,Neutral,,554195,554194,554193,,,,,,238327,238327,Delta,,,,,,Customer,Customer,Service Provider,,,,,,true,true,false,,,,,,2024-12-02,2024-12-02,2024-12-02,,,,,,19:58:45,19:59:58,20:20:50,,,,,,@Delta i am booking a multi airline trip one of them being you. how do i go about booking an extra seat for my self for your portion of the trip,"@Delta trip is delta from rdm to slc then to btm, then btm to slc with rest of trip home on alsaka",@238327 Hello there. Please DM your confirmation number so I may take a look. *TAC https://t.co/6iDGBJAc2m,,,,,,2025-09-27T19:35:53.441Z,job_20250927_192832,2,Delta
68d83cadb83a2762d690c65e,4689,68d7e235c8d40404f353880c,Technical Support regarding Travel/Transportation,Technical Support,Travel/Transportation,Negative,,600934,600933,,,,,,,262545,Delta,,,,,,,Customer,Service Provider,,,,,,,true,false,,,,,,,2024-12-03,2024-12-03,,,,,,,21:04:59,21:07:52,,,,,,,@Delta you should forewarn consumers before flight that they will have no screens in front of them. Especially when its. 3+hr flight. This sucks!,"@262545 I'm sorry to hear you are disappointed. On most flights without screens, you can stream the Delta Studio for free on your electronic device.  *TSL",,,,,,,2025-09-27T19:36:13.035Z,job_20250927_192832,2,Delta
68d83cbfb83a2762d690c65f,3667,68d7e235c8d40404f353880d,Product Inquiry regarding Product Info,Product Inquiry,Product Info,Neutral,,459169,459168,,,,,,,167488,Delta,,,,,,,Customer,Service Provider,,,,,,,true,false,,,,,,,2024-12-01,2024-12-01,,,,,,,01:06:53,01:10:30,,,,,,,@Delta Can I take my theraflu in a checked luggage? Currently fighting a cold and desperately need this lol,"@167488 Hi, Lajoyce! You sure can have that item in your checked luggage! I'm sorry to hear that you're feeling under the weather, I do wish you a speedy recovery.  *TJN",,,,,,,2025-09-27T19:36:31.458Z,job_20250927_192832,2,Delta
68d83cd0b83a2762d690c660,4438,68d7e235c8d40404f353880e,Feedback regarding General,Feedback,General,Positive,,564584,564583,,,,,,,252258,Delta,,,,,,,Customer,Service Provider,,,,,,,true,false,,,,,,,2024-12-03,2024-12-03,,,,,,,00:16:08,00:17:01,,,,,,,@Delta Kudos to Cassandra IND-DTW-MDW #bestflightattendantEVAH #grateful,@252258 It makes our day to hear things like this! We truly do have the best in the biz. Thanks for sharing. 😃 *TCH,,,,,,,2025-09-27T19:36:48.016Z,job_20250927_192832,2,Delta
68d83d03b83a2762d690c661,3617,68d7e235c8d40404f353880f,Technical Support regarding Travel/Flight,Technical Support,Travel/Flight,Negative,,453529,453527,453528,453530,453531,453533,453535,453536,222615,Delta,222615,Delta,222615,Delta,222615,Delta,Customer,Service Provider,Customer,Service Provider,Customer,Service Provider,Customer,Service Provider,true,false,true,false,true,false,true,false,2024-11-30,2024-11-30,2024-11-30,2024-11-30,2024-12-01,2024-12-01,2024-12-01,2024-12-01,22:36:21,22:52:36,23:10:26,23:13:29,00:20:37,00:39:20,00:44:59,00:47:45,@Delta need to be contacted immediately regarding my luggage. I have to sit in baggage claim for over two hours to wait for my luggage that @Delta failed to load on my flight. https://t.co/AyuWdMLYU0,"@222615 I appreciate your patience. I apologize for your bag not arriving with you. Our records show that it will arrive on Delta Connection WestJet 5418, estimated to arrive Detroit at 6:47 p.m. You may file a delayed bag claim at our Baggage Service Office.  *AJL",@Delta How valuable are sky miles if the flights don’t meet both mine and Delta’s customer service standards?,@222615 I regret your frustration with this delay. Please file see the Baggage Service Office for the claim form. *TMT,@Delta 2 of 2 https://t.co/fyRqUvrAiy,@222615 My info shows the bag has been delivered on DL 5418 which arrived at 7:05 pm.  *TMT,@Delta It arrived at 7:28pm,@222615 I wanted to update you that your bag was on DL 5418 instead of what the other agent advised. So sorry for the confusion. *TMT,2025-09-27T19:37:39.923Z,job_20250927_192832,2,Delta
68d83d19b83a2762d690c662,4047,68d7e235c8d40404f3538810,Feedback regarding General,Feedback,General,Positive,,510636,510634,510635,510637,,,,,237329,Delta,237329,Delta,,,,,Customer,Service Provider,Customer,Service Provider,,,,,true,false,true,false,,,,,2024-12-01,2024-12-01,2024-12-01,2024-12-01,,,,,22:27:18,22:50:33,22:52:02,23:07:03,,,,,After my @116450 flight to New Delhi I was reminded why I love @Delta more. Better service and better food.,@237329 Hi Anne. Thank you for the kind words! We ❤ you too! *TKR,@Delta You also have cookies. I like cookies.,@237329 Yum yum cookies! *AFC,,,,,2025-09-27T19:38:01.104Z,job_20250927_192832,2,Delta
68d83d2cb83a2762d690c663,3977,68d7e235c8d40404f3538811,Complaint regarding Travel/Transportation,Complaint,Travel/Transportation,Negative,,502764,,,,,,,,235133,,,,,,,,Customer,,,,,,,,true,,,,,,,,2024-12-01,,,,,,,,20:16:04,,,,,,,,Rarely travel on @AmericanAir &amp; now remember why. Strike 1) No blanket/pillow in coach (@Delta ✔️) Strike 2) No individual screens (@delta ✔️) Strike 3) No charging jacks (@Delta✔️).  SD-MIA is gonna be a long flight! 😭✈️,,,,,,,,2025-09-27T19:38:20.476Z,job_20250927_192832,2,Delta
68d83d44b83a2762d690c664,4007,68d7e235c8d40404f3538812,Complaint regarding Technical Support,Complaint,Technical Support,Negative,,506144,506143,506142,,,,,,236113,236113,Delta,,,,,,Customer,Customer,Service Provider,,,,,,true,true,false,,,,,,2024-12-01,2024-12-01,2024-12-01,,,,,,20:46:02,20:48:06,21:14:03,,,,,,@Delta,@Delta Received terrible service on Delta phone support and they wouldn't put me in the Survey queue!  Just put me on hold.,"@236113 I realize this is a disappointment, and I sincerely apologize. Please use the following link if you would like to share details.  https://t.co/fPLXqv8KGq *AFC https://t.co/6iDGBJAc2m",,,,,,2025-09-27T19:38:44.256Z,job_20250927_192832,2,Delta
68d83d59b83a2762d690c665,4647,68d7e235c8d40404f3538813,Complaint regarding Travel/Transportation,Complaint,Travel/Transportation,Negative,,597374,597372,597373,,,,,,261639,Delta,261639,,,,,,Customer,Service Provider,Customer,,,,,,true,false,true,,,,,,2024-12-03,2024-12-03,2024-12-03,,,,,,19:56:13,19:57:30,20:04:45,,,,,,Waiting 90 minutes to get a boarding pass for our infant. No reason provided. No ETA. Flight at 1:30 to NL. @Delta,@261639 I regret that happened Erik. I wish your experience was better than what’s described. *TJN,@Delta Still no boarding pass.  We may miss our flight. First time flying with her. Gate agent apologizes but no change in status.,,,,,,2025-09-27T19:39:05.876Z,job_20250927_192832,2,Delta
68d83d6fb83a2762d690c666,3951,68d7e235c8d40404f3538814,Technical Support regarding Travel/Transportation,Technical Support,Travel/Transportation,Negative,,497849,497848,,,,,,,233827,Delta,,,,,,,Customer,Service Provider,,,,,,,true,false,,,,,,,2024-12-01,2024-12-01,,,,,,,18:28:54,18:37:51,,,,,,,"Pretty disappointed w @Delta right now. Nice people on the phone, but no way to help me to swap a rewards ticket with another fare I paid for so I can earn MQMs. C’mon guys. This is an easy - and fair - request.","@233827 Hello, Matthew! How may I help you? Please DM your confirmation# and I will try to help. *TCC",,,,,,,2025-09-27T19:39:27.931Z,job_20250927_192832,2,Delta
68d83d81b83a2762d690c667,4120,68d7e235c8d40404f3538815,Feedback regarding General,Feedback,General,Positive,,516796,516795,,,,,,,239128,Delta,,,,,,,Customer,Service Provider,,,,,,,true,false,,,,,,,2024-11-27,2024-12-02,,,,,,,18:33:33,01:20:45,,,,,,,"Our precious Sugar Bee was awarded a good behavior pin from the flight crew on the NYC shuttle! Thanks for the good help and smooth flight, @Delta. https://t.co/pKtAvkO2LH","@239128 That is too cute, thank you for sharing. Have a great weekend. 😊 *TBT",,,,,,,2025-09-27T19:39:45.646Z,job_20250927_192832,2,Delta
68d83d9ab83a2762d690c668,3668,68d7e235c8d40404f3538816,Technical Support regarding Travel,Technical Support,Travel,Positive,,459172,459170,459171,459173,,,,,224060,Delta,224060,Delta,,,,,Customer,Service Provider,Customer,Service Provider,,,,,true,false,true,false,,,,,2024-12-01,2024-12-01,2024-12-01,2024-12-01,,,,,01:04:27,01:06:30,05:37:55,05:40:02,,,,,Hope the pilot on my @Delta flight 1322 keeps us updated on the #SEAvHOU match since I will be flying home (SEA) during it. #BadTiming,"@224060 Oh no, reach out. When you need us just tweet us, we'll see what we can do. 😊 *TBT",@Delta Thanks! The gogo in flight worked and we landed early so I can catch the end. Terrific as usual!,"@224060 Awesome, Jennifer! *ABN",,,,,2025-09-27T19:40:10.127Z,job_20250927_192832,2,Delta
68d83dafb83a2762d690c669,4400,68d7e235c8d40404f3538817,Technical Support regarding Product Info,Technical Support,Product Info,Neutral,,560064,560063,,,,,,,250981,Delta,,,,,,,Customer,Service Provider,,,,,,,true,false,,,,,,,2024-12-02,2024-12-02,,,,,,,21:54:25,22:12:13,,,,,,,@Delta what dowa this error code mean? I am buying an upgrade on the app. https://t.co/NyaaIf0CtA,"@250981 Joel, I am sorry for this inconvenience. We have our Online Customer Support Desk to help with navigational assistance. Please reach out to them by calling this number: 1-888-750-3284. *AFM",,,,,,,2025-09-27T19:40:31.172Z,job_20250927_192832,2,Delta
68d83dbeb83a2762d690c66a,3998,68d7e235c8d40404f3538818,Complaint regarding Technical Support,Complaint,Technical Support,Negative,,504437,504438,,,,,,,235627,Delta,,,,,,,Customer,Service Provider,,,,,,,true,false,,,,,,,2024-12-01,2024-12-01,,,,,,,20:45:29,21:11:56,,,,,,,Worst experience with @AmericanAir. @Delta...I will never take a chance on another airline again. #deltawins,@235627 We look forward to having you on board.  *AFC,,,,,,,2025-09-27T19:40:46.709Z,job_20250927_192832,2,Delta
68d83dddb83a2762d690c66b,4274,68d7e235c8d40404f3538819,Product Inquiry regarding Travel/Aviation,Product Inquiry,Travel/Aviation,Neutral,,539241,539239,539240,,,,,,245039,JetBlue,245039,,,,,,Customer,Service Provider,Customer,,,,,,true,false,true,,,,,,2024-12-02,2024-12-02,2024-12-02,,,,,,14:25:51,14:28:15,15:43:08,,,,,,Can someone at @JetBlue explain why I am charged $75 when I change my flight reservation?  Or @Delta explain the $200 fee? What does it cost you when I go on line and change the itinerary?,"@245039 @Delta Great question! When we hold a seat that’s purchased and someone decides to change or cancel, there’s a much smaller likelihood that we’ll sell that ticket again, so that seat may fly empty and we’d lose the revenue. Change/cancel fees protect us against that.",@JetBlue @Delta Well on MLK day I switched from a highly desired itinerary to an undesired itinerary. The new flight is practically empty. So I guess you’ll end up ahead on that one.,,,,,,2025-09-27T19:41:17.030Z,job_20250927_192832,2,Delta
68d83df0b83a2762d690c66c,4039,68d7e235c8d40404f353881a,Complaint regarding Technical,Complaint,Technical,Negative,,510615,510614,,,,,,,237320,Delta,,,,,,,Customer,Service Provider,,,,,,,true,false,,,,,,,2024-12-01,2024-12-01,,,,,,,22:35:07,22:56:03,,,,,,,Had an issue with a rule that I wanted explained.  Gate agents couldn’t. I was promised a Red Coat in the Sky Club.  Never showed up. I expect better from @Delta.  Reminded me of the old Northwest days,"@237320 Oh no, I'm very sorry Rich. Is there something I can try and answer for you? *TBT",,,,,,,2025-09-27T19:41:36.055Z,job_20250927_192832,2,Delta
68d83e1cb83a2762d690c66d,3944,68d7e235c8d40404f353881b,Feedback regarding Customer Service,Feedback,Customer Service,Positive,,497823,497822,497820,497821,,,,,233818,233818,Delta,233818,,,,,Customer,Customer,Service Provider,Customer,,,,,true,true,false,true,,,,,2024-12-01,2024-12-01,2024-12-01,2024-12-01,,,,,18:34:57,18:43:44,18:53:36,21:21:08,,,,,@Delta Created Twitter account to thank David Held JFK-T2 for exceptional service! Literally ran to help us make flight. Missed flight but he stuck with us to help get other flight/hotel/snacks all during his lunch. Cracked his phone as he ran to help. A+ Employee #AboveAndBeyond https://t.co/XlBH8JZksR,"@Delta Again I want to emphasize how great David was. We were not happy to miss flight by literally 30 seconds after 20 hrs of travel. He turned a very frustrating situation into as good of an experience as it could have been. Even enjoyable. So kind/helpful/selfless. Thanks, David!","@233818 Hello, Dallin! Looks like he earned his wings today! Please DM your confirmation# and I will forward this to his Supervisor.   *TCC",@Delta Only got twitter to thank David so don't know how to DM. Original flight was Delta 439 leaving on Nov 29 at 7:30 pm from JFK to SLC at gate C66. Rare to find such stellar service. We hope he is recognized. Felt so bad he cracked phone running to help. Very positive/proactive guy.,,,,,2025-09-27T19:42:20.189Z,job_20250927_192832,2,Delta
68d83e2cb83a2762d690c66e,4156,68d7e235c8d40404f353881c,Other regarding General,Other,General,Positive,,519963,519962,,,,,,,240006,Delta,,,,,,,Customer,Service Provider,,,,,,,true,false,,,,,,,2024-12-02,2024-12-02,,,,,,,02:39:29,02:41:21,,,,,,,"#AlyRaisman is on my @Delta flight to Tampa. We’re flying with U.S. royalty, yo. 👸 #olympicgoldmedalist 🥇#delta ✈️",@240006 Awesome Sue. Have a great flight! *TKR,,,,,,,2025-09-27T19:42:36.846Z,job_20250927_192832,2,Delta
68d83e3cb83a2762d690c66f,4448,68d7e235c8d40404f353881d,Complaint regarding Technical Support,Complaint,Technical Support,Negative,,565463,565462,,,,,,,252520,Delta,,,,,,,Customer,Service Provider,,,,,,,true,false,,,,,,,2024-12-03,2024-12-03,,,,,,,00:40:13,00:45:42,,,,,,,@Delta not good! 😡😡😡 at FLL from ATL.... https://t.co/ge6LGUplTi,@252520 ...international travel. *ABN 2/2,,,,,,,2025-09-27T19:42:52.271Z,job_20250927_192832,2,Delta
68d83e5bb83a2762d690c670,3876,68d7e235c8d40404f353881e,Technical Support regarding Travel Experience,Technical Support,Travel Experience,Negative,,490835,490834,490833,490832,,,,,231926,Delta,231926,Delta,,,,,Customer,Service Provider,Customer,Service Provider,,,,,true,false,true,false,,,,,2024-12-01,2024-12-01,2024-12-01,2024-12-01,,,,,16:42:00,16:46:35,16:48:06,16:49:19,,,,,@Delta just boarded a plane in FC to find a nasty pillow. Can’t do any better that this? #gross https://t.co/FHatpZEsMG,@231926 Please accept our sincere apology. You can reach out to the FA for a replacement pillow if you need one.  *ALS,@Delta A clean pillow should be provided in FC without asking. #payattentiontodetails #badcustomerservice,"@231926 Oh no, Julie. That's not what we want to hear. Have you reach out to any of our In-Flight crew regarding this issue for immediate assistance.  *AOS",,,,,2025-09-27T19:43:23.095Z,job_20250927_192832,2,Delta
68d83e6cb83a2762d690c671,4090,68d7e235c8d40404f353881f,Other regarding General,Other,General,Positive,,514163,514161,514162,,,,,,238376,Delta,238377,,,,,,Customer,Service Provider,Customer,,,,,,true,false,true,,,,,,2024-12-01,2024-12-02,2024-12-02,,,,,,23:46:55,00:25:06,00:50:21,,,,,,Long week and final leg of trip headed  home ty @Delta the ahh feeling when they call your name for upgrade 🍷 https://t.co/RnZXVmKMxj,"@238376 Happy travels, Rick! *HCA",@Delta @238376 safe travels pard,,,,,,2025-09-27T19:43:40.390Z,job_20250927_192832,2,Delta
68d83e7bb83a2762d690c672,4726,68d7e235c8d40404f3538820,Feedback regarding General,Feedback,General,Positive,,603643,603642,,,,,,,183666,Delta,,,,,,,Customer,Service Provider,,,,,,,true,false,,,,,,,2024-12-03,2024-12-03,,,,,,,22:32:22,22:46:08,,,,,,,Classic take off of @delta 1317 after visiting with my consigliere @211 @213 https://t.co/q2ZjHnFQSg,@183666 Thank you for flying Delta! *AFC,,,,,,,2025-09-27T19:43:55.240Z,job_20250927_192832,2,Delta
68d83e99b83a2762d690c673,4108,68d7e235c8d40404f3538821,Technical Support regarding Travel/Flight,Technical Support,Travel/Flight,Negative,,515498,515496,515497,515499,515500,,,,238751,Delta,238751,Delta,238751,,,,Customer,Service Provider,Customer,Service Provider,Customer,,,,true,false,true,false,true,,,,2024-12-02,2024-12-02,2024-12-02,2024-12-02,2024-12-02,,,,00:47:14,00:51:11,03:41:48,03:44:19,04:12:01,,,,"Hey @Delta, your fancy new overhead bins make it very hard for vertically challenged folks to put up their own bags. Just saying.","@238751 Hey Ashley, I'm very sorry for any inconvenience. If you need any assistance, please reach out to our Flight Crew they will be glad to help.  *TBT",@Delta Thanks but they don’t actually help you as they don’t want to injure themselves.,"@238751 Ashley, that's why they are there. To assist you. *ACJ","@Delta Uhm, in all my years of flying, flight crew has never offered to help me out my bag in an overhead bin. I appreciate that you’re responding but it’s really not addressing the issue.",,,,2025-09-27T19:44:25.900Z,job_20250927_192832,2,Delta
68d83eadb83a2762d690c674,3690,68d7e235c8d40404f3538822,Account/Billing regarding General,Account/Billing,General,Neutral,,461703,461702,,,,,,,224687,Delta,,,,,,,Customer,Service Provider,,,,,,,true,false,,,,,,,2024-12-01,2024-12-01,,,,,,,02:11:34,02:19:36,,,,,,,@Delta how do I figure out if I have a skymiles number already?,"@224687 Hi, Gayane! Thanks for reaching out. If you can please DM us here with the full name as it should appear on the account, I'd be happy to assist you. 😃 *TJN https://t.co/6iDGBJAc2m",,,,,,,2025-09-27T19:44:45.235Z,job_20250927_192832,2,Delta
68d83ec2b83a2762d690c675,4204,68d7e235c8d40404f3538823,Technical Support regarding Travel,Technical Support,Travel,Positive,,528390,528389,,,,,,,242341,Delta,,,,,,,Customer,Service Provider,,,,,,,true,false,,,,,,,2024-12-02,2024-12-02,,,,,,,08:44:20,08:47:33,,,,,,,.@delta please hold the door open in Paris for flight DL35 from CDG to SEA. Passport control is backed up. We're here &amp; want to get home to see these guys! https://t.co/gDYPhZLdYs,"@242341 If you need any assistance, please follow/DM your confirmation number. *AMV https://t.co/6iDGBJRMTU",,,,,,,2025-09-27T19:45:06.577Z,job_20250927_192832,2,Delta
68d83edbb83a2762d690c676,3900,68d7e235c8d40404f3538824,Feedback regarding Customer Service,Feedback,Customer Service,Positive,,492532,492531,,,,,,,232406,Delta,,,,,,,Customer,Service Provider,,,,,,,true,false,,,,,,,2024-12-01,2024-12-01,,,,,,,17:02:07,17:10:10,,,,,,,"@Delta Hi, one of your staff working the gate for for the noon flight from ATL-SEA, Earl, working the gate was simply awesome.  He helped me out tremendously with some seat switching, needed due to a medical condition. Thank you! He is a gem.","@232406 Hi. So very overjoyed to learn of your interaction with Earl, and that he'd made your seating switch and overall experience all the better. We'll relay this information along to his leadership team at once. Thank you! *ADB",,,,,,,2025-09-27T19:45:31.820Z,job_20250927_192832,2,Delta
68d83eefb83a2762d690c677,4625,68d7e235c8d40404f3538825,Technical Support regarding Travel/Booking,Technical Support,Travel/Booking,Neutral,,594120,594118,594119,,,,,,260726,Delta,Delta,,,,,,Customer,Service Provider,Service Provider,,,,,,true,false,false,,,,,,2024-12-03,2024-12-03,2024-12-03,,,,,,18:20:33,18:24:47,18:36:51,,,,,,@Delta can you help me with a same day travel change. DM sent thanks!,@260726 Certainly. Let me take a look.  *AMR,"@260726 The 159pm flight show availability. However, but the SDC has to be done at the airport. You are already Standby listed for that flight.  *AMR",,,,,,2025-09-27T19:45:51.106Z,job_20250927_192832,2,Delta
68d83f00b83a2762d690c678,4176,68d7e235c8d40404f3538826,Technical Support regarding General,Technical Support,General,Negative,,522772,522771,,,,,,,240758,Delta,,,,,,,Customer,Service Provider,,,,,,,true,false,,,,,,,2024-12-02,2024-12-02,,,,,,,04:04:32,04:08:23,,,,,,,Why hasn't @Delta added the call back feature to their services? This 2 hour wait on hold is ridiculous.,@240758 Hi Kerrie. I am so sorry for the long hold time. Please share your confirmation code or ticket number to better assist.  *TKR,,,,,,,2025-09-27T19:46:08.712Z,job_20250927_192832,2,Delta
68d83f16b83a2762d690c679,3871,68d7e235c8d40404f3538827,Technical Support regarding Travel/Flight,Technical Support,Travel/Flight,Negative,,488956,488955,,,,,,,139911,Delta,,,,,,,Customer,Service Provider,,,,,,,true,false,,,,,,,2024-12-01,2024-12-01,,,,,,,15:42:22,16:03:42,,,,,,,@Delta why is this old plane still even in your fleet? Tray table is broken. Guy behind me has to POUND on his screen to get it to work. And this is JFK - LAX 😡😡 https://t.co/mkQTCtrZ3y,@139911 My apologies for the experience Jess! Have you spoken with the crew about the tray table and if so what did they say? *HKM,,,,,,,2025-09-27T19:46:30.715Z,job_20250927_192832,2,Delta
68d83f2db83a2762d690c67a,4542,68d7e235c8d40404f3538828,Feedback regarding Travel/Flight,Feedback,Travel/Flight,Positive,,579530,579528,579529,,,,,,256482,Delta,256482,,,,,,Customer,Service Provider,Customer,,,,,,true,false,true,,,,,,2024-12-03,2024-12-03,2024-12-03,,,,,,10:50:29,11:03:18,18:38:37,,,,,,When @delta charges you $100 for an overweight bag because you packed a case of 🍾 but your entire fare for your BOS 🛫HNL trip is now only $200 &amp; they hooked you up with a window seat https://t.co/MEa7WFxDKE,@256482 That sounds like a really good deal! *TBW,@Delta it is! thank you! 🌈🛫,,,,,,2025-09-27T19:46:53.671Z,job_20250927_192832,2,Delta
68d83f41b83a2762d690c67b,3986,68d7e235c8d40404f3538829,Feedback regarding General,Feedback,General,Positive,,504387,504386,,,,,,,235607,Delta,,,,,,,Customer,Service Provider,,,,,,,true,false,,,,,,,2024-12-01,2024-12-01,,,,,,,20:05:10,20:46:39,,,,,,,Nothing better than traveling with the best airline in the sky- amazing first class experience with an amazing crew- the best in the sky @Delta @824 #deltaproud https://t.co/NeKN7CCUYj,@235607 Hi Peter. We truly appreciate your kind words. Thank you for flying with us today. Have a great flight! 😊 *TKR,,,,,,,2025-09-27T19:47:13.277Z,job_20250927_192832,2,Delta
68d83f51b83a2762d690c67c,3769,68d7e235c8d40404f353882a,Feedback regarding General,Feedback,General,Positive,,476592,476591,,,,,,,228262,Delta,,,,,,,Customer,Service Provider,,,,,,,true,false,,,,,,,2024-12-01,2024-12-01,,,,,,,10:30:31,11:18:29,,,,,,,"@Delta Excellent service all round by your team, great flight back into Edinburgh https://t.co/w4FqBsQZz3","@228262 We're excited to hear you're enjoying the #DeltaDifference, Stephen! Happy travels.✈ *ASK",,,,,,,2025-09-27T19:47:29.367Z,job_20250927_192832,2,Delta
68d83f68b83a2762d690c67d,3747,68d7e235c8d40404f353882b,Technical Support regarding General,Technical Support,General,Negative,,470305,470303,470304,470306,470308,,,,226974,Delta,226974,Delta,226974,,,,Customer,Service Provider,Customer,Service Provider,Customer,,,,true,false,true,false,true,,,,2024-12-01,2024-12-01,2024-12-01,2024-12-01,2024-12-01,,,,02:01:00,07:47:12,13:25:31,13:26:47,13:28:07,,,,@Delta Are you not doing Sky Priority boarding lanes at ATL gates anymore?,"@226974 Hi Justin. Yes, we are still boarding Sky Priority in our Atlanta airport. My apologies for the delayed response.  *HSD",@Delta That wasn’t my question - I was asking about the *lane*. Seems to be gone.,@226974 That will have to be address by airport personnel.  *ALS,@Delta Seriously? That’s your answer? You’re usually better than this.,,,,2025-09-27T19:47:52.483Z,job_20250927_192832,2,Delta
68d83f82b83a2762d690c67e,3777,68d7e235c8d40404f353882c,Technical Support regarding Travel/Flight,Technical Support,Travel/Flight,Negative,,477204,477202,477203,,,,,,228406,Delta,228406,,,,,,Customer,Service Provider,Customer,,,,,,true,false,true,,,,,,2024-12-01,2024-12-01,2024-12-01,,,,,,10:50:38,11:32:58,13:47:25,,,,,,"@Delta I fly to Montreal for work almost every month and my return flight has never left on time. I mean it, never. Is mainline going to take over this route when the EXJ contract ends?","@228406 I do apologize for the poor flight performance out of Montreal. It is not likely Delta Mainline will take that routing over, as that routing is likely better suited to regional jets. We will do what we can, however, to improve the on-time performance. *ASK",@Delta Many thanks for the reply to my vent. Hopefully Endeavor handles this leg!,,,,,,2025-09-27T19:48:18.738Z,job_20250927_192832,2,Delta
68d83f96b83a2762d690c67f,4550,68d7e235c8d40404f353882d,Feedback regarding General,Feedback,General,Positive,,582316,582315,,,,,,,257269,Delta,,,,,,,Customer,Service Provider,,,,,,,true,false,,,,,,,2024-12-03,2024-12-03,,,,,,,13:12:35,13:17:17,,,,,,,Thanks to @Delta employee for getting me off the standby list and assigning me a seat!,"@257269 On behalf of *TMA, you are most welcome. Just an FYI, with a Basic Economy ticket, when you see yourself on ""Stand-by"", it refers only to the seat assignment. You are confirmed for the flight. It just means you're waiting for a seat assignment. *TAC",,,,,,,2025-09-27T19:48:38.701Z,job_20250927_192832,2,Delta
68d83fadb83a2762d690c680,3786,68d7e235c8d40404f353882e,Technical Support regarding Flight Issues,Technical Support,Flight Issues,Neutral,,478214,478212,478210,478211,478213,,,,228619,228619,Delta,228619,228619,,,,Customer,Customer,Service Provider,Customer,Customer,,,,true,true,false,true,true,,,,2024-12-01,2024-12-01,2024-12-01,2024-12-01,2024-12-01,,,,11:54:58,12:14:40,12:21:02,12:23:02,12:28:55,,,,@Delta going to miss my connection from DET to PHX  to plane malfunction in RIC. is there a direct flight out??,@Delta Due to**,"@228619 I'm very sorry to hear about your disrupted travel, Gargee. Let's see what our options are. Would you mind sharing your confirmation number? *ASK","@Delta DMing now, thanks!","@Delta Gate attendant was efficient &amp; helpful too, thanks @Delta !",,,,2025-09-27T19:49:01.583Z,job_20250927_192832,2,Delta
68d83fbdb83a2762d690c681,3927,68d7e235c8d40404f353882f,Technical Support regarding Travel,Technical Support,Travel,Negative,,496207,496206,,,,,,,232871,Delta,,,,,,,Customer,Service Provider,,,,,,,true,false,,,,,,,2024-12-01,2024-12-01,,,,,,,18:18:09,18:19:24,,,,,,,50 mins on the runway @124202 awaited takeoff. After a 2 hour flight delay. What’s going on @delta????,@232871 @124202 Air Traffic Control delays today Stephanie. I'm sorry for your inconvenience.  *HNW,,,,,,,2025-09-27T19:49:17.770Z,job_20250927_192832,2,Delta
68d83fcdb83a2762d690c682,3656,68d7e235c8d40404f3538830,Product Inquiry regarding Technical,Product Inquiry,Technical,Neutral,,458118,458117,,,,,,,223766,Delta,,,,,,,Customer,Service Provider,,,,,,,true,false,,,,,,,2024-12-01,2024-12-01,,,,,,,00:45:49,00:48:59,,,,,,,@Delta Can you please show the #WASvsDAL game on your flight 74 to Amsterdam. Thank you.,@223766 I wish I could. That will be a great game. Have a great week. *TBT,,,,,,,2025-09-27T19:49:33.810Z,job_20250927_192832,2,Delta
68d83fdfb83a2762d690c683,4111,68d7e235c8d40404f3538831,Feedback regarding General,Feedback,General,Positive,,515512,515511,,,,,,,238755,Delta,,,,,,,Customer,Service Provider,,,,,,,true,false,,,,,,,2024-12-02,2024-12-02,,,,,,,00:31:59,00:39:44,,,,,,,The ATL airport has it going on tonight.  Well done ATL &amp; @Delta.  Reminds me of a friend of mine...@238756 's moves https://t.co/vHUDChmyxF,@238755 Hey Matt. Very nice! Thanks for sharing! Enjoy your flight! 😊 *TKR,,,,,,,2025-09-27T19:49:51.390Z,job_20250927_192832,2,Delta
68d83ff8b83a2762d690c684,4656,68d7e235c8d40404f3538832,Order Status regarding Shipping/Delivery,Order Status,Shipping/Delivery,Neutral,,597403,597402,,,,,,,261640,Delta,,,,,,,Customer,Service Provider,,,,,,,true,false,,,,,,,2024-12-03,2024-12-03,,,,,,,19:47:35,19:51:41,,,,,,,"After @Delta rebooks me, I get put on the @VirginAtlantic flight. I thought it’s delayed, but I should still get to Bangalore in time for my events and that layover should be enough time. Then I get to the airport and the flight attendants tell me we will BOARD at 6:45pm instead.",@261640 Hi Justin. I am so sorry for the delayed flights. Please share your confirmation code or ticket number via this link to learn more. *TKR https://t.co/6iDGBJAc2m,,,,,,,2025-09-27T19:50:16.621Z,job_20250927_192832,2,Delta
68d84012b83a2762d690c685,4337,68d7e235c8d40404f3538833,Feedback regarding General,Feedback,General,Positive,,550070,550069,,,,,,,186483,Delta,,,,,,,Customer,Service Provider,,,,,,,true,false,,,,,,,2024-12-02,2024-12-02,,,,,,,18:35:58,18:48:33,,,,,,,Sent @Delta email at 8pm Friday about a big issue. They call me Saturday morning at 8am and reslove it in 5mins.  Email @248116 week ago about little issue. They forgot about and said it would be 30 days. Who did it better?!  @delta Rocks!!!!,"@186483 Hi. Thanks for the compliment, but we'd rather have heard that we got back to you Friday night. If you ever need anything, #TweetUsIfYouNeedUs. ✈ #HappyHolidays 🎄 *TMA",,,,,,,2025-09-27T19:50:42.056Z,job_20250927_192832,2,Delta
68d8402eb83a2762d690c686,4150,68d7e235c8d40404f3538834,Complaint regarding Technical Support,Complaint,Technical Support,Negative,,519933,519930,519931,519934,,,,,239999,Delta,239999,Delta,,,,,Customer,Service Provider,Customer,Service Provider,,,,,true,false,true,false,,,,,2024-12-02,2024-12-02,2024-12-02,2024-12-02,,,,,02:55:43,02:58:10,03:12:07,03:18:38,,,,,@Delta Very unpleasant flight from PDX to AMS on Nov3017. Husbands video player was broken and it was the hottest flight.  No air.  Miserable!,@239999 Hi there. I am so sorry for any inconvenience this may have caused. We hope you allow us another opportunity to better serve you again in the future. *TKR,@Delta I guess we are looking for more than a “scripted tweet”,"@239999 Hi Caryn, can you DM your confirmation # to the link provided? I will be glad to look into this.  *TBT https://t.co/6iDGBJRMTU",,,,,2025-09-27T19:51:10.038Z,job_20250927_192832,2,Delta
68d8403eb83a2762d690c687,4440,68d7e235c8d40404f3538835,Other regarding General,Other,General,Neutral,,564588,564587,,,,,,,163336,Delta,,,,,,,Customer,Service Provider,,,,,,,true,false,,,,,,,2024-12-02,2024-12-03,,,,,,,23:55:56,00:07:55,,,,,,,#WheelsUp #Atlanta &gt; #LosAngeles @Delta A330 ✈️💺🎸😴 @ Hartsfield-Jackson Atlanta International… https://t.co/kaYXEa2bz6,@163336 Happy travels! *HCA,,,,,,,2025-09-27T19:51:26.895Z,job_20250927_192832,2,Delta
68d8404ab83a2762d690c688,3840,68d7e235c8d40404f3538836,Other regarding General,Other,General,Neutral,,484049,484048,,,,,,,230156,Delta,,,,,,,Customer,Service Provider,,,,,,,true,false,,,,,,,2024-12-01,2024-12-01,,,,,,,14:48:07,14:48:40,,,,,,,@delta,"@230156 Good morning, Patricia! Is there something we can help you with? *TJE",,,,,,,2025-09-27T19:51:38.767Z,job_20250927_192832,2,Delta
68d84061b83a2762d690c689,3764,68d7e235c8d40404f3538837,Product Inquiry regarding In-flight Services,Product Inquiry,In-flight Services,Neutral,,474588,474586,474587,,,,,,227947,Delta,227947,,,,,,Customer,Service Provider,Customer,,,,,,true,false,true,,,,,,2024-12-01,2024-12-01,2024-12-01,,,,,,09:52:43,10:01:19,10:17:27,,,,,,"I need my in-flight coffee @Delta, but I can't do black. Please add nondairy #vegan creamers. ☕️",@227947 When time calls for caffeine (or decaf) you can request freshly brewed Starbucks® coffee — complimentary on every flight. *AMV,@Delta Do you have non-dairy options that aren't just straight black cofffee?,,,,,,2025-09-27T19:52:01.563Z,job_20250927_192832,2,Delta
68d8406eb83a2762d690c68a,3680,68d7e235c8d40404f3538838,Product Inquiry regarding General,Product Inquiry,General,Positive,,460305,460304,,,,,,,224372,Delta,,,,,,,Customer,Service Provider,,,,,,,true,false,,,,,,,2024-12-01,2024-12-01,,,,,,,01:37:11,01:38:50,,,,,,,"I need my in-flight coffee @Delta, but I can't do black. Please add nondairy #vegan creamers. ☕️",@224372 Thank you so much for reaching out to us and making your voice heard. We appreciate your feedback. *AMC,,,,,,,2025-09-27T19:52:14.388Z,job_20250927_192832,2,Delta
68d84080b83a2762d690c68b,3712,68d7e235c8d40404f3538839,Technical Support regarding Travel,Technical Support,Travel,Negative,,464494,464493,,,,,,,225450,Delta,,,,,,,Customer,Service Provider,,,,,,,true,false,,,,,,,2024-12-01,2024-12-01,,,,,,,03:37:56,03:44:07,,,,,,,"Been over 20 minutes waiting for my bags at Boston Logan @Delta, tsk tsk","@225450 I'm sorry the baggage is delayed this evening Andy. I've attached the form to the Bags on Time program, just in case. https://t.co/9qP7jNm0t7  *TLT",,,,,,,2025-09-27T19:52:32.545Z,job_20250927_192832,2,Delta
68d84094b83a2762d690c68c,4435,68d7e235c8d40404f353883a,Feedback regarding General,Feedback,General,Positive,,564578,564577,,,,,,,252256,Delta,,,,,,,Customer,Service Provider,,,,,,,true,false,,,,,,,2024-12-03,2024-12-03,,,,,,,00:23:21,00:24:12,,,,,,,"@Delta going above and beyond, as usual, you're spoiling me. A good start for our @25963 annual meeting #termisam17 looking forward to seeing a lot of friends doing the most awesome science #mskresearch #orthoresearch https://t.co/dO2M8M1OC1",@252256 Anything for you Riccardo! 😉 *TJN,,,,,,,2025-09-27T19:52:52.029Z,job_20250927_192832,2,Delta
68d840a6b83a2762d690c68d,4472,68d7e235c8d40404f353883b,Technical Support regarding Travel,Technical Support,Travel,Neutral,,567243,567242,,,,,,,253043,Delta,,,,,,,Customer,Service Provider,,,,,,,true,false,,,,,,,2024-12-03,2024-12-03,,,,,,,01:21:16,01:28:46,,,,,,,@Delta how come I got upped to Comfort (ty!) and traveling with my wife and she didn’t? Already spent hour on hold earlier and can’t wait 2 hrs now,@253043 I’d be delighted to assist. Please follow and DM your confirmation number.  *AFC https://t.co/6iDGBJAc2m,,,,,,,2025-09-27T19:53:10.809Z,job_20250927_192832,2,Delta
68d840b5b83a2762d690c68e,3666,68d7e235c8d40404f353883c,Product Information regarding Account/Billing,Product Information,Account/Billing,Neutral,,459167,459166,,,,,,,224059,Delta,,,,,,,Customer,Service Provider,,,,,,,true,false,,,,,,,2024-12-01,2024-12-01,,,,,,,01:11:25,01:13:22,,,,,,,@Delta how can I redeem my companion certificate or make sure that I am eligible for one?,"@224059 Caleb, please DM your SkyMiles number so I can look into this for you. *TSB",,,,,,,2025-09-27T19:53:25.703Z,job_20250927_192832,2,Delta
68d840cdb83a2762d690c68f,3908,68d7e235c8d40404f353883d,Product Inquiry regarding Travel/Flight,Product Inquiry,Travel/Flight,Neutral,,494327,494324,494322,494323,494325,,,,232870,232870,Delta,232870,Delta,,,,Customer,Customer,Service Provider,Customer,Service Provider,,,,true,true,false,true,false,,,,2024-11-29,2024-12-01,2024-12-01,2024-12-01,2024-12-01,,,,23:06:15,17:22:48,17:56:24,17:56:58,17:59:31,,,,@Delta Can you check to see if there are any upgrade for points seats available on my RDU-SLC flight next week? I can DM my conf number if u need.,@Delta I didn’t ever hear back from anyone on this question...,"@232870 Thanks for waiting. Currently, there's no availability but you are on the waitlist for the upgrade. *HKM","@Delta Ok, thanks.","@232870 On behalf of *HKM, you're welcome.  *HKS",,,,2025-09-27T19:53:49.938Z,job_20250927_192832,2,Delta
68d840e3b83a2762d690c690,3925,68d7e235c8d40404f353883e,Feedback regarding General,Feedback,General,Positive,,496202,496200,496201,496203,,,,,233363,Delta,233363,Delta,,,,,Customer,Service Provider,Customer,Service Provider,,,,,true,false,true,false,,,,,2024-12-01,2024-12-01,2024-12-01,2024-12-01,,,,,18:19:30,18:20:17,18:37:37,18:40:36,,,,,@Delta First Class Meal – Tandoori Chicken with Quinoa Salad https://t.co/taWDGHdCMs https://t.co/jFEGWkZqps,@233363 That looks delicious! Thanks for sharing. 😊 *HNW,@Delta It was! :D,@233363 Glad you enjoyed! Look forward to seeing you on your next trip! Thanks so much for your loyalty. *HKM,,,,,2025-09-27T19:54:11.366Z,job_20250927_192832,2,Delta
68d84105b83a2762d690c691,4634,68d7e235c8d40404f353883f,Technical Support regarding Flight Experience,Technical Support,Flight Experience,Negative,,595248,595247,595246,595245,,,,,261047,Delta,261047,Delta,,,,,Customer,Service Provider,Customer,Service Provider,,,,,true,false,true,false,,,,,2024-12-03,2024-12-03,2024-12-03,2024-12-03,,,,,18:37:18,18:40:19,18:45:23,18:48:14,,,,,@Delta I ❤️ U but...On a flight to NYC from MIA (DL1287). Smells like a dozen used diapers filled w/ 💩 INSIDE of this airplane. The flight attendants say there’s nothing they can do. I just hope I don’t smell like 💩 once we land. Help!,@261047 Oh no! How unpleasant. I'm very sorry for this. Please share your flight number so we can have our cleaners check that out when you land. *TJW,@Delta DL1287. The pilot has instructed us to deplane as they’re not sure where the smell is coming from. Any chance to put me on another flight?,"@261047 Yes, I'd be happy to help rebook you. Please DM your confirm #.  *TJW https://t.co/6iDGBJAc2m",,,,,2025-09-27T19:54:45.339Z,job_20250927_192832,2,Delta
68d84119b83a2762d690c692,3972,68d7e235c8d40404f3538840,Technical Support regarding Product Info,Technical Support,Product Info,Neutral,,502740,502739,,,,,,,235127,Delta,,,,,,,Customer,Service Provider,,,,,,,true,false,,,,,,,2024-12-01,2024-12-01,,,,,,,19:25:09,20:12:22,,,,,,,Hey @126402 did @Delta just release this year's elevate program and increase prices dramatically over last year making you buy a bundle??? Thought 5k MQMs were approx $650 last year,@235127 Hello David! Please click on the following link for information on the Elevate Your Status progra  https://t.co/S0rpJHs2RO.  *HKS,,,,,,,2025-09-27T19:55:05.499Z,job_20250927_192832,2,Delta
68d84129b83a2762d690c693,4272,68d7e235c8d40404f3538841,Feedback regarding General,Feedback,General,Positive,,539231,539230,,,,,,,202942,Delta,,,,,,,Customer,Service Provider,,,,,,,true,false,,,,,,,2024-12-02,2024-12-02,,,,,,,14:42:59,14:49:14,,,,,,,"Thank you for the treat this morning, @Delta! @169923 is a guest on my plane! https://t.co/dOM3SXwFcb","@202942 Awesome picture, Joe! Thank you for sharing and enjoy your flight.  *HYC",,,,,,,2025-09-27T19:55:21.471Z,job_20250927_192832,2,Delta
68d8413fb83a2762d690c694,4362,68d7e235c8d40404f3538842,Complaint regarding Technical Support,Complaint,Technical Support,Negative,,554192,554190,554191,,,,,,249310,Delta,248485,,,,,,Customer,Service Provider,Customer,,,,,,true,false,true,,,,,,2024-12-02,2024-12-02,2024-12-02,,,,,,20:02:23,20:21:39,20:27:14,,,,,,"@Delta seriously? Two maintenance delays in one day? I always want to be safe but I'm tired, Delta. So ready to be home.","@249310 Douglas, delays are very inconvenient, but never intentional. We sincerely apologize. *ACJ",@Delta @249310 Yeah but you don’t “really” care!\nYou cancelled my girlfriends flight you ground staff are hideous dismissive and rude. But your all sweet and light online!,,,,,,2025-09-27T19:55:43.866Z,job_20250927_192832,2,Delta
68d8414eb83a2762d690c695,3829,68d7e235c8d40404f3538843,Order Status regarding Travel/Transportation,Order Status,Travel/Transportation,Neutral,,482551,482550,,,,,,,229768,Delta,,,,,,,Customer,Service Provider,,,,,,,true,false,,,,,,,2024-12-01,2024-12-01,,,,,,,14:00:52,14:21:01,,,,,,,@Delta will you throw me on this 9:30 JAN to EWR?,@229768 Hi Cal. I'll check on the flt for you. One moment. *HKM,,,,,,,2025-09-27T19:55:58.751Z,job_20250927_192832,2,Delta
68d8415fb83a2762d690c696,4332,68d7e235c8d40404f3538844,Technical Support regarding Technical,Technical Support,Technical,Negative,,548734,548733,,,,,,,244761,Delta,,,,,,,Customer,Service Provider,,,,,,,true,false,,,,,,,2024-12-02,2024-12-02,,,,,,,18:04:49,18:07:47,,,,,,,What? no WiFi on this flight!!! Come on @delta,"@244761 Oh, no. I will be happy to take a look. Please share your conf # via DM for review.  *AJZ https://t.co/6iDGBJAc2m",,,,,,,2025-09-27T19:56:15.096Z,job_20250927_192832,2,Delta
68d8416eb83a2762d690c697,4321,68d7e235c8d40404f3538845,Order Status regarding Orders,Order Status,Orders,Neutral,,547234,547233,,,,,,,247290,Delta,,,,,,,Customer,Service Provider,,,,,,,true,false,,,,,,,2024-12-02,2024-12-02,,,,,,,17:43:07,17:47:12,,,,,,,I'm running late please don't leave me @DELTA PLEAASSSSEEEEEEEE!!!!!,@247290 Hello! Please DM your confirmation# and I will try to help. *TCC,,,,,,,2025-09-27T19:56:30.282Z,job_20250927_192832,2,Delta
68d8418bb83a2762d690c698,4216,68d7e235c8d40404f3538846,Technical Support regarding Travel/Itinerary,Technical Support,Travel/Itinerary,Negative,,532752,532749,532750,532753,532754,,,,243414,Delta,243414,Delta,243414,,,,Customer,Service Provider,Customer,Service Provider,Customer,,,,true,false,true,false,true,,,,2024-12-02,2024-12-02,2024-12-02,2024-12-02,2024-12-02,,,,10:36:38,11:06:12,11:26:50,11:29:18,11:31:54,,,,@Delta we r stuck in Budapest. Need to get back to USA ASAP. Please help,@243414 Oh no! I am very sorry to hear this. Can you please send me your confirmation number? I'd like to see what we can do to help. *TBW,@Delta The gate operators here offered little information,"@243414 I am showing that your current flight out of Budapest is delayed and is showing to depart after your departure of your flight to Atlanta. This will need to be addressed by KLM, who is your operating carrier from Budapest to Amsterdam. *TBW",@Delta What are our options to get to our family,,,,2025-09-27T19:56:59.151Z,job_20250927_192832,2,Delta
68d841a9b83a2762d690c699,3910,68d7e235c8d40404f3538847,Feedback regarding General,Feedback,General,Positive,,494337,494336,494334,494333,,,,,232872,Delta,232872,Delta,,,,,Customer,Service Provider,Customer,Service Provider,,,,,true,false,true,false,,,,,2024-12-01,2024-12-01,2024-12-01,2024-12-01,,,,,17:39:47,17:42:00,17:43:15,17:49:30,,,,,@Delta big thanks to the gate agents at GSP who dealt with a lot of frustrated and rude passengers after our diverted flight from AVL today and arranged alternative transport to our final destination quickly. Great example of amazing Delta service. #HappyMedallion,"@232872 Sorry for the diversion today. When we fail to do so, we will work even harder to make it right for you. Thank you for your loyalty.  *ALS",@Delta No worries. These things happen. Your gate agents at GSP were calm and professional at all time despite some rather rude individuals and quickly made@alternative arrangements. They were a credit to the company.,@232872 Thank you again. I'm sure our management team would agree with you. *ALS,,,,,2025-09-27T19:57:29.349Z,job_20250927_192832,2,Delta
68d841b9b83a2762d690c69a,4627,68d7e235c8d40404f3538848,Feedback regarding General,Feedback,General,Positive,,594124,594123,,,,,,,260728,Delta,,,,,,,Customer,Service Provider,,,,,,,true,false,,,,,,,2024-12-03,2024-12-03,,,,,,,17:42:08,18:12:36,,,,,,,"@Delta Melissa, the flight leader on 1430 is so amazing. Truly living the Delta values. Please ensure these kudos get to her and her team.",@260728 Thank you for taking the time compliment our colleague. Have a great afternoon.  *AMR,,,,,,,2025-09-27T19:57:45.447Z,job_20250927_192832,2,Delta
68d841cbb83a2762d690c69b,4591,68d7e235c8d40404f3538849,Feedback regarding General,Feedback,General,Positive,,587576,587575,,,,,,,250982,Delta,,,,,,,Customer,Service Provider,,,,,,,true,false,,,,,,,2024-12-03,2024-12-03,,,,,,,15:30:32,15:34:01,,,,,,,Made it on my first flight ever thanks to @Delta - where's the champagne?! Connecting and headed to Tampa from ATL next! https://t.co/oMfM9tAwct,@250982 That's awesome Tanita! We're glad to have you on board with us today! Wheels up! 😉 *AJY,,,,,,,2025-09-27T19:58:03.549Z,job_20250927_192832,2,Delta
68d841dfb83a2762d690c69c,4334,68d7e235c8d40404f353884a,Account/Billing regarding Orders,Account/Billing,Orders,Neutral,,550060,550059,,,,,,,248113,Delta,,,,,,,Customer,Service Provider,,,,,,,true,false,,,,,,,2024-12-02,2024-12-02,,,,,,,18:53:12,18:56:24,,,,,,,"@Delta Hey guys, I'm seeing two charges on my account pending for one ticket.",@248113 Hi Snyder! If you did not receive 2 confirmations then the additional pending charge will fall off. If you DM the confirmation I can double check that the reservation did not ticket twice.  *TJE https://t.co/6iDGBJAc2m,,,,,,,2025-09-27T19:58:23.680Z,job_20250927_192832,2,Delta
68d841f4b83a2762d690c69d,4736,68d7e235c8d40404f353884b,Technical Support regarding Travel,Technical Support,Travel,Negative,,603666,603665,,,,,,,263450,Delta,,,,,,,Customer,Service Provider,,,,,,,true,false,,,,,,,2024-12-03,2024-12-03,,,,,,,22:22:42,22:32:49,,,,,,,Wow such bad service at @Delta !  People missed their flights because your crew decided not to allow them to board at a couple of minutes before the flight took off.,@263450 Hi Mell. I am so sorry for any inconvenience we may have caused. Please share your confirmation code or ticket number via this link to better assist. *TKR https://t.co/6iDGBJAc2m,,,,,,,2025-09-27T19:58:44.377Z,job_20250927_192832,2,Delta
68d84209b83a2762d690c69e,4052,68d7e235c8d40404f353884c,Feedback regarding General,Feedback,General,Positive,,510655,510653,510654,,,,,,207450,Delta,207450,,,,,,Customer,Service Provider,Customer,,,,,,true,false,true,,,,,,2024-12-01,2024-12-01,2024-12-02,,,,,,20:21:18,22:33:06,02:18:25,,,,,,"If we can’t be platinum on earth, At least we can be platinum in the sky #highonflight #marrymeDelta @Delta https://t.co/Pj4PCtJ78l",@207450 It was a pleasure to have you onboard with us today!  *HEC,@Delta You are the wind beneath our wings. 💖,,,,,,2025-09-27T19:59:05.053Z,job_20250927_192832,2,Delta
68d84226b83a2762d690c69f,4653,68d7e235c8d40404f353884d,Product Inquiry regarding Travel/Booking,Product Inquiry,Travel/Booking,Neutral,,597394,597392,597393,597395,,,,,261643,Delta,261643,Delta,,,,,Customer,Service Provider,Customer,Service Provider,,,,,true,false,true,false,,,,,2024-12-03,2024-12-03,2024-12-03,2024-12-03,,,,,19:49:49,19:53:05,19:58:30,20:03:01,,,,,"@Delta we are looking to book a large family, if we go basic economy is it reasonable to assume at least the children will be seated with an adult in our party not by themselves?","@261643 However, the seat selection is not guaranteed. We accommodate the seating for children 5 years and under.  *AFC","@Delta Great but say an 8 year old, you would let them travel alone?",@261643 The gate agents are aware of the children and families traveling together. They do their best to assign seats together. It is possible that an 8-year-old would be seated solo. You might consider booking the main cabin fare that allows advanced seats.  *TSL,,,,,2025-09-27T19:59:34.884Z,job_20250927_192832,2,Delta
68d84239b83a2762d690c6a0,4642,68d7e235c8d40404f353884e,Account/Billing regarding Orders,Account/Billing,Orders,Neutral,,596364,596363,,,,,,,261334,Delta,,,,,,,Customer,Service Provider,,,,,,,true,false,,,,,,,2024-12-03,2024-12-03,,,,,,,19:12:09,19:15:05,,,,,,,@Delta Will you refund an infant in arms ticket (the tax and airport fees) since my infant will no longer be coming on our international trip?,"@261334 Hi Megan, please DM your infant ticket number and I would be happy to take a look for you. *TJW https://t.co/6iDGBJAc2m",,,,,,,2025-09-27T19:59:53.798Z,job_20250927_192832,2,Delta
68d84249b83a2762d690c6a1,3968,68d7e235c8d40404f353884f,Feedback regarding General,Feedback,General,Positive,,502718,502717,,,,,,,235114,Delta,,,,,,,Customer,Service Provider,,,,,,,true,false,,,,,,,2024-12-01,2024-12-01,,,,,,,19:38:50,20:27:46,,,,,,,Thanks @Delta for not charging me to reschedule a missed flight. 😌✈️,"@235114 I'm glad we were able to assist Patricia. Thank you for flying Delta, and have a great weekend. *ALS",,,,,,,2025-09-27T20:00:09.346Z,job_20250927_192832,2,Delta
68d8425bb83a2762d690c6a2,3866,68d7e235c8d40404f3538850,Other regarding General,Other,General,Positive,,488945,488944,,,,,,,231435,Delta,,,,,,,Customer,Service Provider,,,,,,,true,false,,,,,,,2024-12-01,2024-12-01,,,,,,,16:11:54,16:13:13,,,,,,,Counting down the days @Delta to \nmy “Tender TN Christmas” ✈️🎄😌\n#TheHolidays #TisTheSeason #NY https://t.co/mmaIPRoHF3,@231435 We can't wait to welcome you on board! Happy Holidays! 🎅 *TJE,,,,,,,2025-09-27T20:00:27.283Z,job_20250927_192832,2,Delta
